Nama,Jumlah
Maruti Wagon R LXI CNG,49
Hyundai Creta 1.6 CRDi SX Option,45
Honda Jazz V,34
Maruti Ertiga VDI,34
Audi A4 New 2.0 TDI Multitronic,31
Hyundai EON LPG Era Plus Option,30
Nissan Micra Diesel XV,30
Toyota Innova Crysta 2.8 GX AT 8S,29
Volkswagen Vento Diesel Comfortline,27
Tata Indica Vista Quadrajet LS,27
Maruti Ciaz Zeta,25
Honda City 1.5 V AT Sunroof,25
Maruti Swift VDI BSIV,24
Land Rover Range Rover 2.2L Pure,23
Land Rover Freelander 2 TD4 SE,23
Mitsubishi Pajero Sport 4X4,22
Honda Amaze S i-Dtech,21
Maruti Swift DDiS VDI,20
Renault Duster 85PS Diesel RxL Plus,20
Mercedes-Benz New C-Class C 220 CDI BE Avantgare,20
BMW 3 Series 320d,20
Maruti S Cross DDiS 200 Alpha,20
Audi A6 2011-2015 35 TFSI Technology,19
Hyundai i20 1.2 Magna,19
Volkswagen Vento Petrol Highline AT,19
Honda City Corporate Edition,18
Maruti Alto K10 2010-2014 VXI,18
Honda WRV i-VTEC VX,18
Toyota Innova 2.5 V Diesel 7-seater,18
Renault Duster 110PS Diesel RxZ Pack,18
Toyota Corolla Altis G,18
Mahindra Ssangyong Rexton RX7,18
Audi A6 2.7 TDI,17
Volkswagen Vento 1.6 Highline,17
Maruti Wagon R LXI BSIII,17
Maruti Vitara Brezza ZDi Plus,17
Mahindra KUV 100 mFALCON G80 K6 5str AW,17
Mercedes-Benz M-Class ML 350 CDI,16
Volkswagen Polo Diesel Trendline 1.2L,16
Maruti Alto LXi,16
Tata Nano LX SE,16
Mahindra KUV 100 mFALCON D75 K8 Dual Tone,16
Hyundai i20 Magna Optional 1.2,16
Hyundai Elantra 2.0 SX Option AT,16
Toyota Corolla Altis G AT,16
Hyundai Elantra CRDi,16
Toyota Innova Crysta 2.7 GX MT,16
Hyundai Xcent 1.1 CRDi S,15
Mahindra Thar CRDe AC,15
Audi A4 2.0 TDI 177 Bhp Premium Plus,15
Maruti Swift LDI,15
Maruti Swift Ldi BSIV,15
Maruti Swift VDI,15
Hyundai Grand i10 Sportz,15
Volkswagen Vento 2013-2015 1.6 Comfortline,14
Renault KWID RXT,14
Hyundai i10 Asta,14
Nissan X-Trail SLX AT,14
Maruti Zen Estilo VXI BSIII,14
Toyota Innova Crysta 2.4 GX MT 8S,14
Ford Figo Diesel Titanium,13
Mercedes-Benz New C-Class C 200 CGI Avantgarde,13
Mercedes-Benz New C-Class 200 CDI Classic,13
Tata Indica V2 eLS,13
Audi A4 2.0 TDI Multitronic,13
Honda City ZX CVT,13
Mercedes-Benz C-Class Progressive C 220d,13
Maruti Ertiga SHVS VDI,13
Hyundai Creta 1.4 E Plus Diesel,13
Porsche Cayenne 2009-2014 Turbo,13
Mahindra XUV500 W8 4WD,12
Hyundai i10 Sportz 1.2 AT,12
Nissan Terrano XV D Pre,12
Honda Brio VX AT,12
Audi A6 2.0 TDI Design Edition,12
Ford Fiesta 1.4 SXi TDCi,12
Toyota Innova 2.0 G1,12
Toyota Innova 2.5 VX 7 STR BSIV,12
Hyundai Santro Xing XL,12
Tata Zest Revotron 1.2T XE,12
Honda Amaze SX i-VTEC,12
Ford Figo Diesel ZXI,12
Maruti Ritz VDi,12
Honda City i VTEC E,12
BMW 5 Series 2003-2012 525d,12
Hyundai i10 Sportz 1.2,12
Hyundai Santro Xing XO,12
Toyota Fortuner 4x2 Manual,12
Audi A6 2011-2015 35 TDI Premium,12
Ford Ecosport 1.5 DV5 MT Titanium Optional,11
Mahindra XUV500 W8 2WD,11
Honda Amaze SX i-DTEC,11
Volkswagen Polo Diesel Highline 1.2L,11
Hyundai Verna Transform SX VGT CRDi,11
Maruti Wagon R VXI BS IV,11
Volkswagen Polo Petrol Highline 1.6L,11
Hyundai i20 1.4 CRDi Sportz,11
Hyundai i20 Asta 1.2,11
Datsun GO Plus T Petrol,11
Audi A4 3.0 TDI Quattro Premium,11
Hyundai i20 2015-2017 Asta,11
Maruti Omni 5 Str STD,11
Toyota Etios Liva 1.2 G,11
Jaguar XF 3.0 Litre S Premium Luxury,10
Hyundai Verna 1.6 SX CRDI (O) AT,10
Toyota Innova Crysta 2.8 ZX AT,10
Maruti Eeco 5 Seater AC,10
Tata Nano Twist XT,10
BMW 3 Series 320d Luxury Line,10
Honda Civic 2006-2010 1.8 V MT,10
Toyota Innova 2.5 VX (Diesel) 7 Seater,10
Volvo V40 Cross Country D3,10
Nissan Micra XV CVT,10
BMW 5 Series 2010-2013 525i,10
Maruti Vitara Brezza VDi,10
Hyundai Santro Xing XL eRLX Euro III,10
Mercedes-Benz B Class B200 CDI,10
Hyundai Verna CRDi 1.6 SX Option,10
Maruti Wagon R LXI BS IV,10
Tata Nano XTA,10
Mahindra Scorpio VLX,10
Mercedes-Benz New C-Class 200 K AT,10
Honda CR-V 2.4 MT,10
Volkswagen Vento 1.5 TDI Comfortline AT,10
Maruti Ciaz VXi Plus,10
Mahindra XUV500 AT W10 FWD,10
Maruti Ritz VXI ABS,10
Maruti Alto K10 VXI,10
Mercedes-Benz SLC 43 AMG,10
Hyundai Verna VTVT 1.6 AT SX Plus,9
Maruti Alto LXi BSIII,9
BMW 1 Series 118d Base,9
Honda Jazz 1.2 V CVT i VTEC,9
Mercedes-Benz New C-Class C 220 CDI Avantgarde,9
Maruti Swift VVT VXI,9
Hyundai Santro Xing XO eRLX Euro II,9
Toyota Fortuner 3.0 Diesel,9
Chevrolet Beat LT Option,9
Skoda Rapid 1.5 TDI Elegance,9
Maruti Ciaz 1.4 Alpha,9
Audi RS5 Coupe,9
BMW 3 Series Luxury Line,9
Mercedes-Benz S Class 2005 2013 S 500,9
Skoda Rapid 1.5 TDI AT Elegance Plus Black Package,9
Skoda Superb Elegance 2.0 TDI CR AT,9
Hyundai EON Magna Plus,8
Datsun GO NXT,8
Honda Brio S MT,8
Mercedes-Benz B Class B180,8
Honda City i DTEC V,8
Toyota Innova 2.5 G (Diesel) 7 Seater,8
Maruti Swift VXI Optional,8
Ford Ecosport 1.5 DV5 MT Ambiente,8
Volkswagen Vento 1.5 Highline Plus AT 16 Alloy,8
BMW X5 xDrive 30d,8
Mercedes-Benz New C-Class C 220 CDI Style,8
Honda Brio V MT,8
Hyundai i10 Magna 1.2,8
Mercedes-Benz GLC 220,8
Hyundai Grand i10 1.2 Kappa Asta,8
Audi A6 2011-2015 2.0 TDI Premium Plus,8
Mini Countryman Cooper D,8
Hyundai i20 Asta 1.4 CRDi,8
Chevrolet Beat Diesel LT,8
Skoda Superb Elegance 1.8 TSI AT,8
Ford Fiesta 1.4 TDCi EXI Limited Edition,8
BMW 5 Series 520d Luxury Line,8
Chevrolet Optra Magnum 1.6 LS BS3,8
Renault Lodgy 110PS RxZ 8 Seater,8
Mercedes-Benz E-Class E250 CDI Avantgrade,8
Maruti Baleno Alpha,8
Hyundai Verna 1.6 SX,8
Hyundai i10 Magna 1.1,8
Mahindra Scorpio 1.99 S10 4WD,8
Land Rover Range Rover 2.2L Dynamic,7
Maruti Ertiga ZDI,7
Honda City 1.5 GXI,7
Hyundai i10 Magna,7
Skoda Laura Ambiente,7
Renault Duster 85PS Diesel RxL,7
Mahindra NuvoSport N6,7
Maruti Vitara Brezza ZDi Plus Dual Tone,7
Hyundai i20 Asta Option 1.2,7
Skoda Fabia 1.4 MPI Ambiente,7
Tata Indigo eCS GLX,7
Audi Q3 2012-2015 35 TDI Quattro Premium Plus,7
Skoda Octavia Elegance 1.8 TSI AT,7
Toyota Etios Liva GD SP,7
Maruti Swift 1.3 VXi,7
Honda Amaze S Diesel,7
Renault Duster 85PS Diesel RxL Optional,7
Hyundai Creta 1.6 VTVT S,7
Maruti Wagon R AMT VXI,7
Mercedes-Benz New C-Class C250 Avantgarde,7
Audi A8 L 3.0 TDI quattro,7
Skoda Rapid 1.6 MPI AT Style Black Package,7
Skoda Superb Style 1.8 TSI AT,7
Hyundai i20 Active 1.2 SX,7
Honda Amaze VX i-DTEC,7
Maruti Wagon R LXI,7
Mahindra Verito 1.5 D4 BSIV,7
Mercedes-Benz New C-Class C 220d Avantgarde Edition C,7
Maruti Wagon R VXI,7
Nissan Terrano XV Premium 110 PS Anniversary Edition,7
Mini Cooper Convertible S,7
Ford Figo Diesel,7
Tata Indica V2 DLS BSII,7
Chevrolet Beat LT,7
Volkswagen Polo Diesel Comfortline 1.2L,7
Maruti Swift ZDi,7
Ford Figo Diesel EXI,7
Toyota Innova Crysta 2.8 GX AT,7
Hyundai Santa Fe 4x4 AT,7
Honda City i-VTEC V,7
Hyundai i20 1.2 Magna Executive,7
Hyundai i20 Sportz 1.4 CRDi,7
Toyota Innova 2.5 Z Diesel 7 Seater,7
Honda City i VTEC V,7
BMW X1 sDrive20d,7
Hyundai Grand i10 CRDi Era,7
Maruti Ciaz 1.3 Alpha,7
Skoda Rapid Leisure 1.6 TDI MT,7
Hyundai Accent CRDi,7
Volkswagen Polo GT 1.5 TDI,7
Honda Jazz 1.2 VX i VTEC,7
Hyundai i10 Era,6
Hyundai Tucson 2.0 e-VGT 2WD AT GLS,6
Toyota Innova Crysta 2.4 ZX MT,6
Maruti Omni MPI CARGO BSIII W/ IMMOBILISER,6
Maruti Swift VXI BSIV,6
Hyundai Grand i10 Magna,6
Hyundai Verna CRDi 1.6 SX,6
Hyundai i20 1.2 Sportz,6
Mercedes-Benz GLE 350d,6
Mercedes-Benz New C-Class C 220 CDI CLASSIC,6
Maruti Ritz ZDi,6
Hyundai Creta 1.6 CRDi SX,6
Maruti A-Star Vxi,6
Renault Duster 110PS Diesel RXZ Option,6
Fiat Grande Punto 1.3 Emotion Pack (Diesel),6
BMW X3 xDrive30d M Sport,6
Hyundai i10 Sportz,6
Toyota Innova 2.5 G4 Diesel 7-seater,6
Maruti Zen VXI BSII,6
Mahindra Scorpio VLX 2.2 mHawk Airbag BSIV,6
Tata Zest Quadrajet 1.3 75PS XE,6
Ford EcoSport 1.0 Ecoboost Titanium Plus,6
Maruti Swift Dzire ZDI,6
Maruti Alto 800 LXI,6
Honda City 1.5 S MT,6
Audi Q7 3.0 TDI Quattro Technology,6
Skoda Laura 1.9 TDI AT Ambiente,6
Hyundai Verna 1.6 SX VTVT (O),6
Honda City 1.5 V AT,6
Hyundai i20 Magna Optional 1.4 CRDi,6
Hyundai i20 Sportz AT 1.4,6
Volkswagen Vento Diesel Highline,6
Honda City i VTEC VX,6
BMW 5 Series 2003-2012 520d,6
Maruti Wagon R LXI Minor,6
Honda Jazz VX,6
Volkswagen Jetta 2007-2011 2.0 TDI Comfortline,6
Hyundai i10 Magna 1.2 iTech SE,6
Audi A6 2011-2015 2.0 TDI Technology,6
Volkswagen Polo Petrol Trendline 1.2L,5
Maruti Alto K10 LXI,5
Honda City i-VTEC CVT ZX,5
Tata Indigo LX,5
Mercedes-Benz GLA Class 200 CDI SPORT,5
Maruti Celerio VXI AT,5
Mercedes-Benz GLE 250d,5
Land Rover Range Rover HSE Dynamic,5
Volkswagen Vento Diesel Trendline,5
Maruti Omni 8 Seater BSIV,5
Honda Brio 1.2 VX MT,5
Tata Sumo Delux,5
Tata Indica Vista Aura 1.3 Quadrajet,5
Tata Indigo LS Dicor,5
Maruti Ertiga Paseo VXI,5
Honda Accord 2.4 A/T,5
Maruti Swift Dzire VDi,5
Ford Fiesta EXi 1.4 TDCi Ltd,5
Honda City ZX GXi,5
BMW 6 Series 640d Gran Coupe,5
Audi Q7 45 TDI Quattro Technology,5
Maruti Zen Estilo LXI Green (CNG),5
Hyundai i20 1.4 CRDi Asta,5
Hyundai i10 Sportz AT,5
Volkswagen Polo Petrol Comfortline 1.2L,5
Toyota Corolla H4,5
Tata Manza ELAN Quadrajet BS IV,5
Skoda Octavia Ambition Plus 2.0 TDI AT,5
Maruti Vitara Brezza LDi,5
Honda City 1.5 V MT,5
Tata Indica Vista Aqua 1.3 Quadrajet,5
Hyundai EON D Lite Plus,5
Tata Manza Club Class Quadrajet90 LS,5
Skoda Octavia RS,5
Chevrolet Spark 1.0 LS,5
Jaguar XF 2.0 Diesel Portfolio,5
Honda CR-V RVi MT,5
Skoda Superb L&K 1.8 TSI AT,5
Maruti Swift Dzire VXi AT,5
Maruti Swift Dzire Tour LDI,5
Ford Fiesta Classic 1.4 Duratorq CLXI,5
Maruti Zen LX,5
Mini Clubman Cooper S,5
Toyota Etios GD,5
Maruti Alto 800 2016-2019 LXI,5
Maruti Alto VXi,5
BMW X5 3.0d,5
Nissan Teana XV,5
Hyundai Grand i10 AT Asta,5
Audi Q7 3.0 TDI Quattro Premium Plus,5
Mercedes-Benz GLA Class 200 CDI,5
Maruti 800 AC,5
Toyota Corolla Altis D-4D GL,5
Mercedes-Benz New C-Class 220,5
Honda BRV i-VTEC V CVT,5
Hyundai Xcent 1.1 CRDi Base,5
Mercedes-Benz E-Class 2009-2013 E250 CDI Avantgarde,5
Mercedes-Benz E-Class 2015-2017 E250 Edition E,5
Honda City i VTEC VX Option,5
Hyundai Verna Transform VTVT,5
Jaguar XE Portfolio,5
Honda Amaze S i-Vtech,5
Mini Cooper Convertible 1.6,5
Mercedes-Benz S Class 2005 2013 S 350 CDI,5
Maruti Ritz LDi,5
BMW 3 Series 320d Sedan,5
Tata Xenon XT EX 4X2,5
Audi A3 35 TDI Attraction,5
Mercedes-Benz GL-Class 2007 2012 350 CDI Luxury,5
Mitsubishi Pajero Sport 4X2 AT DualTone BlackTop,5
Maruti Alto LX,5
Land Rover Range Rover 2.2L Prestige,5
Hyundai Verna 1.6 SX VTVT,5
BMW 5 Series 525d Sedan,5
Jaguar XF Diesel,5
Audi Q3 35 TDI Quattro Premium,5
Mercedes-Benz New C-Class 220 CDI AT,5
Mahindra Scorpio S10 4WD,5
Honda BR-V i-VTEC S MT,5
Volvo S80 2006-2013 D5,5
Hyundai Accent GLE,5
Hyundai i20 Active SX Petrol,5
Mercedes-Benz GLC 43 AMG Coupe,5
Hyundai Grand i10 SportZ Edition,5
Honda City 1.5 EXI S,5
Audi A6 35 TFSI Matrix,5
Volkswagen Jetta 2007-2011 1.9 L TDI,5
Hyundai Creta 1.6 SX Plus Dual Tone Petrol,5
Toyota Etios VD,5
Maruti Baleno Alpha Automatic,5
Skoda Laura Ambiente 2.0 TDI CR AT,5
Hyundai EON Era Plus,5
Renault Captur 1.5 Diesel RXL,5
BMW 5 Series 2003-2012 GT 530d LE,5
Volvo V40 D3,5
Maruti Wagon R LXI BSII,5
Maruti Eeco 5 STR With AC Plus HTR CNG,4
Chevrolet Enjoy 1.4 LS 8,4
Mahindra Bolero ZLX,4
Hyundai Santro GLS I - Euro I,4
Hyundai EON D Lite,4
Hyundai Creta 1.6 SX Plus Petrol Automatic,4
Volkswagen Vento 1.6 Comfortline,4
Honda Civic 2006-2010 1.8 S AT,4
Hyundai i20 1.2 Asta Option,4
Audi Q5 30 TDI quattro Premium Plus,4
Maruti Ritz VXi,4
Mitsubishi Cedia Sports,4
Maruti Celerio LDi,4
Maruti S-Cross Delta DDiS 200 SH,4
Audi Q3 35 TDI Quattro Premium Plus,4
Audi Q7 4.2 TDI Quattro Technology,4
Hyundai i20 2015-2017 Asta 1.2,4
Renault Duster 110PS Diesel RxL,4
Hyundai Xcent 1.1 CRDi S Celebration Edition,4
Ford Ecosport 1.5 DV5 MT Titanium,4
Hyundai Grand i10 CRDi Magna,4
Tata Manza Aqua Quadrajet BS IV,4
Hyundai Santro Xing GLS,4
Maruti Ciaz 1.3 S,4
Toyota Fortuner 4x4 MT TRD Sportivo,4
Ford Fiesta 1.6 SXI ABS Duratec,4
Mercedes-Benz E-Class E 220 d,4
Mercedes-Benz New C-Class 220 CDI MT,4
Skoda Yeti Ambition 4X2,4
Ford Figo 2015-2019 1.2P Titanium MT,4
Skoda Octavia Ambition 1.4 TSI MT,4
Renault Duster 85PS Diesel RxL Option,4
Land Rover Range Rover Evoque 2.0 TD4 Pure,4
Ford Endeavour Hurricane Limited Edition,4
Toyota Fortuner 4x4 MT,4
Nissan Micra Diesel XV Premium,4
BMW 5 Series 2003-2012 523i,4
Mercedes-Benz GLS 350d 4MATIC,4
Honda CR-V 2.4L 4WD AT,4
Hyundai Creta 1.6 CRDi AT SX Plus,4
Mercedes-Benz A Class A200 CDI Sport,4
Maruti Ertiga VXI,4
Skoda Octavia Classic 1.9 TDI MT,4
Honda Amaze VX i-Vtech,4
Maruti Zen LXi BSII,4
Maruti SX4 ZXI MT BSIV,4
Toyota Camry A/T,4
Chevrolet Beat LS,4
Toyota Fortuner 4x4 AT,4
Maruti Swift Vdi BSIII,4
Honda Mobilio S i VTEC,4
Mahindra XUV500 AT W8 FWD,4
Skoda Fabia 1.6 MPI Elegance,4
Mahindra Scorpio 1.99 S8,4
Skoda Rapid 1.6 TDI Ambition,4
Renault Duster 110PS Diesel RxZ,4
Toyota Etios G,4
Hyundai Creta 1.6 SX,4
Maruti Celerio VXI,4
Audi A6 2011-2015 35 TDI Technology,4
Mercedes-Benz E-Class 280 CDI,4
Maruti Swift VXI,4
Fiat Linea T Jet,4
Maruti Ertiga ZXI,4
BMW 3 Series 320i Sedan,4
Hyundai Santa Fe 4X4,4
Tata Indigo LS,4
Mercedes-Benz E-Class 2009-2013 E 250 Elegance,4
Maruti Swift Dzire LDi,4
Honda City i VTEC CVT VX,4
Honda Amaze VX O i VTEC,4
Chevrolet Enjoy TCDi LTZ 7 Seater,4
Mercedes-Benz New C-Class Progressive C 200,4
Maruti SX4 ZXI AT Leather,4
BMW X1 sDrive 20d xLine,4
Maruti Ciaz RS ZDi Plus SHVS,4
Maruti Swift Dzire VXi,4
Mahindra XUV500 W6 2WD,4
Honda Civic 2006-2010 1.8 S MT,4
Toyota Etios Liva GD,4
Audi TT 2.0 TFSI,4
Skoda Rapid 1.5 TDI Style,4
Volkswagen Polo 1.5 TDI Highline,4
Skoda Laura 1.9 TDI AT Elegance,4
Mahindra Renault Logan 1.5 DLE Diesel,4
Honda Jazz 1.5 S i DTEC,4
Jaguar XF 2.2 Litre Luxury,4
Maruti Swift Dzire VDI,4
Jeep Compass 2.0 Limited,4
Toyota Corolla Altis 1.8 Sport,4
Maruti Swift ZXI,4
Ford Ikon 1.3 LXi NXt,4
Mahindra Bolero VLX CRDe,4
Honda City i DTEC VX Option,4
Chevrolet Sail Hatchback 1.2 LS,4
Hyundai i20 1.2 Spotz,4
BMW X1 sDrive 20d Sportline,4
BMW X1 sDrive 20d Exclusive,4
Toyota Fortuner 4x2 AT,4
Mercedes-Benz S Class 2005 2013 S 350 L,4
Mahindra Quanto C2,4
BMW X5 2014-2019 xDrive 30d Design Pure Experience 7 Seater,4
Maruti Swift LDI Optional,4
Mitsubishi Pajero 2.8 SFX BSIV Dual Tone,4
Jaguar XF 2.2 Litre Executive,4
Skoda Octavia Ambition 2.0 TDI AT,4
Toyota Corolla Altis VL AT,4
Maruti Omni 8 Seater BSII,3
Mercedes-Benz GLC 220d 4MATIC Style,3
Volkswagen Vento 1.5 TDI Highline AT,3
Mahindra XUV500 W10 2WD,3
Nissan Terrano XL 85 PS,3
Hyundai Verna 1.6 SX CRDi (O),3
BMW 5 Series 2013-2017 530d M Sport,3
Mahindra Scorpio S4 Plus,3
Hyundai Verna 1.6 CRDi SX,3
Chevrolet Aveo U-VA 1.2 LT,3
Mahindra Bolero ZLX BSIII,3
Hyundai Xcent 1.2 Kappa S,3
Maruti Vitara Brezza ZDi,3
BMW 3 Series 320d Prestige,3
Hyundai EON Sportz,3
Honda Accord 2.4 MT,3
Mahindra Xylo E8,3
Honda City V MT,3
Mahindra Bolero DI BSII,3
Maruti Esteem Vxi - BSIII,3
Hyundai Santro LS zipPlus,3
Mini Cooper 5 DOOR D,3
Hyundai i20 Sportz Option,3
Tata Safari Storme VX Varicor 400,3
Honda BR-V i-DTEC VX MT,3
Volkswagen Jetta 2013-2015 2.0L TDI Highline,3
Hyundai Xcent 1.2 Kappa S Option,3
Maruti Ignis 1.2 Alpha,3
BMW 5 Series 2013-2017 520d Luxury Line,3
Ford Ikon 1.3 CLXi,3
Hyundai Verna 1.6 CRDI,3
BMW 3 Series 320d Highline,3
Mercedes-Benz E-Class 2009-2013 E200 CGI Blue Efficiency,3
Chevrolet Beat Option Pack,3
Hyundai Santro Xing XP,3
Tata Indica DLS,3
Maruti Ciaz ZDi Plus SHVS,3
Mercedes-Benz New C-Class C 250 CDI Avantgarde,3
Toyota Fortuner 4x2 4 Speed AT,3
Jaguar XJ 2.0L Portfolio,3
Hyundai i20 1.4 Magna ABS,3
Toyota Corolla Executive (HE),3
Toyota Innova 2.5 ZX Diesel 7 Seater BSIII,3
Hyundai Grand i10 CRDi Sportz,3
Volkswagen Vento IPL II Petrol Highline AT,3
Toyota Innova 2.5 VX (Diesel) 7 Seater BS IV,3
Hyundai Verna CRDi SX,3
Honda City i VTEC S,3
Maruti Ciaz ZXi,3
Nissan Sunny XV CVT,3
Mercedes-Benz New C-Class C 220 CDI Elegance AT,3
Hyundai i10 Magna Optional 1.1L,3
Maruti Ciaz VDI SHVS,3
Ford Ikon 1.3 Flair,3
Volkswagen Polo 1.2 MPI Highline,3
Honda Jazz 1.2 V i VTEC,3
Honda Amaze EX i-Dtech,3
Skoda Superb 1.8 TSI MT,3
Maruti Vitara Brezza LDi Option,3
Hyundai i20 Asta,3
Maruti Alto K10 VXI AGS,3
Mercedes-Benz SLK-Class SLK 350,3
Ford EcoSport 1.5 TDCi Titanium,3
Volkswagen Passat Highline DSG,3
Chevrolet Aveo 1.4,3
Maruti Ritz LXi,3
Land Rover Freelander 2 SE,3
Hyundai Grand i10 Asta,3
Ford Endeavour 3.2 Trend AT 4X4,3
Audi Q5 2008-2012 2.0 TDI,3
Hyundai Verna 1.6 VTVT,3
Mercedes-Benz E-Class 2015-2017 E250 CDI Avantgarde,3
Mercedes-Benz M-Class ML 350 4Matic,3
Maruti Swift Dzire ZXi,3
Honda City 1.3 EXI S,3
BMW X5 xDrive 30d Design Pure Experience 5 Seater,3
Hyundai Xcent 1.2 Kappa SX Option,3
Maruti Dzire AMT ZXI Plus,3
BMW 3 Series 320d Corporate Edition,3
Mini Cooper S,3
Nissan Terrano XV Premium 110 PS,3
BMW 3 Series 320d Luxury Plus,3
Maruti Swift Dzire VXI,3
Skoda Yeti Elegance 4X2,3
Ford EcoSport 1.5 Ti VCT AT Titanium,3
Maruti S Cross DDiS 200 Sigma Option,3
Hyundai Grand i10 1.2 CRDi Magna,3
Maruti Baleno Zeta 1.3,3
Tata Safari Storme 2012-2015 LX,3
Hyundai Accent GLS,3
Maruti Swift LDI SP Limited Edition,3
Maruti Celerio VXI AMT,3
Volkswagen Vento Petrol Highline,3
Volkswagen Jetta 2007-2011 1.9 Highline TDI,3
Tata Indica V2 DLS,3
Land Rover Range Rover 3.0 D,3
Honda City i-VTEC CVT VX,3
Chevrolet Cruze LTZ,3
Tata Nano Lx BSIV,3
Ford Figo Titanium Diesel,3
Fiat Linea Emotion,3
Ford Figo Aspire 1.2 Ti-VCT Trend,3
Maruti Baleno LXI,3
Mahindra Scorpio 2.6 DX,3
Chevrolet Cruze LTZ AT,3
Toyota Innova 2.5 V Diesel 8-seater,3
Toyota Innova 2.5 GX (Diesel) 8 Seater BS IV,3
Ford Fiesta 1.4 Duratorq ZXI,3
Mercedes-Benz A Class A180 CDI,3
Mercedes-Benz E-Class 2009-2013 E 220 CDI Avantgarde,3
Ford EcoSport 1.5 Ti VCT MT Titanium BE,3
Renault Koleos 2.0 Diesel,3
Maruti Omni E 8 Str STD,3
Ford Endeavour XLT TDCi 4X2,3
Hyundai i20 Magna 1.2,3
Mahindra XUV500 W9 AT,3
Maruti SX4 S Cross DDiS 200 Zeta,3
Ford Endeavour 3.2 Titanium AT 4X4,3
Honda City 1.5 V MT Sunroof,3
Honda Amaze VX Diesel,3
Honda Mobilio S i DTEC,3
Toyota Qualis FS B2,3
BMW 5 Series 2003-2012 530d Highline,3
BMW 3 Series 320d M Sport,3
Chevrolet Aveo 1.4 LT ABS BSIV,3
Mercedes-Benz E-Class 2009-2013 E250 CDI Elegance,3
Volkswagen Ameo 1.5 TDI Highline,3
Toyota Etios Liva G,3
Hyundai i20 1.4 Asta,3
Maruti Wagon R LXI Optional,3
Hyundai i20 1.4 Asta Option,3
Volkswagen Polo GT TSI,3
Mahindra Xylo H4,3
Maruti Alto Green LXi (CNG),3
Skoda Octavia Elegance 2.0 TDI AT,3
Audi A6 3.0 TDI quattro,3
Hyundai Verna 1.6 CRDi EX AT,3
Hyundai Santro Xing GL Plus,3
Audi A4 2.0 TDI,3
Skoda Laura 1.9 TDI MT Ambiente,3
Honda CR-V 2.0L 2WD AT,3
Honda Mobilio RS i DTEC,3
Toyota Innova 2.5 G (Diesel) 7 Seater BS IV,3
Mahindra Bolero VLX BS IV,3
Volkswagen Vento 1.5 TDI Comfortline,3
Maruti Zen LXi - BS III,3
Mercedes-Benz E-Class Facelift,3
Hyundai Xcent 1.2 CRDi S,3
Honda City i DTEC VX,3
Renault KWID 1.0 RXT Optional,3
Maruti Swift DDiS ZDI Plus,3
Maruti Celerio VXI Optional AMT,3
Maruti Dzire VXI,3
Maruti Grand Vitara AT,3
Audi TT 40 TFSI,3
Mercedes-Benz New C-Class C 200 CGI,3
Nissan Sunny 2011-2014 Diesel XV,3
Maruti Swift ZDI,3
Hyundai Accent Executive CNG,3
Mahindra Scorpio LX 2.6 Turbo,3
Datsun redi-GO T Option,3
Toyota Camry Hybrid,3
Honda City i DTec V,3
Volkswagen Jetta 2012-2014 2.0L TDI Trendline,3
Audi A6 2011-2015 2.0 TDI,3
Maruti Swift Dzire Vdi BSIV,3
Maruti Eeco 7 Seater Standard,3
Audi Q5 30 TDI quattro Premium,3
Audi Q3 2.0 TDI,3
Smart Fortwo CDI AT,3
Tata Sumo DX,3
Tata Indigo eCS eLX BS IV,3
Volkswagen Vento TSI,3
Mitsubishi Outlander 2.4,3
Porsche Cayman 2009-2012 S,3
Skoda Fabia 1.2 MPI Ambiente Petrol,3
Maruti Zen Estilo 1.1 LXI BSIII,3
Maruti Ciaz 1.4 Delta,3
Mercedes-Benz New C-Class C 200 Avantgarde Edition C,3
Maruti Wagon R LXI LPG BSIV,3
Volkswagen Polo Petrol Highline 1.2L,2
Hyundai Creta 1.6 SX Plus Diesel,2
Jeep Compass 2.0 Limited 4X4,2
Land Rover Range Rover Evoque 2.0 TD4 HSE Dynamic,2
Maruti Baleno Alpha Diesel,2
Maruti Ciaz ZDi SHVS,2
Maruti SX4 Vxi BSIII,2
Hyundai Elantra CRDi SX,2
Volkswagen Ameo 1.2 MPI Comfortline,2
Mahindra KUV 100 mFALCON D75 K6,2
Maruti Baleno Delta 1.2,2
Honda Jazz VX Diesel,2
Hyundai i20 1.2 Asta,2
Hyundai i20 Sportz Diesel,2
Hyundai Xcent 1.2 Kappa Base,2
Maruti Alto 800 VXI,2
Mercedes-Benz CLA 200 CDI Sport,2
Skoda Rapid 1.5 TDI AT Ambition,2
Hyundai Accent GLS 1.6,2
Ford Endeavour 2.2 Trend AT 4X2,2
Chevrolet Beat Diesel PS,2
Honda Civic 2010-2013 1.8 V MT,2
Skoda Rapid 1.6 MPI Ambition Plus,2
Maruti Baleno Vxi - BSIII,2
Audi Q3 2012-2015 2.0 TDI Quattro Premium Plus,2
Maruti Wagon R LXI DUO BSIII,2
Volvo XC60 D5,2
Honda Jazz 1.5 VX i DTEC,2
Maruti Wagon R VXI Minor,2
Mercedes-Benz A Class A180 Sport,2
Hyundai Santro Xing GL,2
Maruti Swift Dzire AMT ZDI,2
Nissan Sunny 2011-2014 XV Special Edition,2
Maruti A-Star Lxi,2
Renault KWID RXT Optional,2
Hyundai Verna 1.6 SX VTVT (O) AT,2
BMW 3 Series 320d Sport Line,2
Tata Indigo CS eVX,2
Maruti Omni E MPI STD BS IV,2
Ford Ecosport Signature Edition Diesel,2
Toyota Innova Crysta 2.4 GX MT,2
Mahindra Scorpio 2.6 LX,2
Maruti Swift Dzire VDI Optional,2
Tata Manza Aura Safire BS IV,2
Hyundai i20 Asta (o) 1.4 CRDi (Diesel),2
Chevrolet Beat Diesel,2
Tata New Safari DICOR 2.2 EX 4x2,2
Mercedes-Benz GL-Class 350 CDI Blue Efficiency,2
Toyota Fortuner 2.8 4WD MT,2
BMW X1 sDrive 18i,2
Renault Captur 1.5 Diesel Platine Mono,2
Nissan Micra XE,2
Land Rover Range Rover TDV8 (Diesel),2
Jeep Compass 1.4 Limited Option,2
Honda CR-V 2.4 AT,2
Audi A4 35 TDI Technology,2
Hyundai Grand i10 Asta Option,2
Toyota Innova 2.5 G (Diesel) 8 Seater,2
Ford EcoSport 1.5 Petrol Titanium Plus AT,2
Tata Indigo GLE,2
Maruti Swift Dzire LDI,2
Maruti S-Cross Zeta DDiS 200 SH,2
Mahindra XUV500 W4 1.99 mHawk,2
Hyundai i10 Era 1.1,2
Tata New Safari DICOR 2.2 EX 4x4,2
Skoda Laura Elegance MT,2
Hyundai i20 Asta 1.4 CRDi (Diesel),2
Ford Figo 2015-2019 1.5D Trend MT,2
Porsche Boxster S tiptronic,2
Tata Zest Revotron 1.2 XT,2
Hyundai i20 1.2 Sportz Option,2
Skoda Fabia 1.4 TDI Active,2
Toyota Corolla Altis D-4D J,2
Nissan Terrano XL,2
Hyundai i10 Asta AT,2
Mahindra XUV300 W8 Diesel,2
Tata Hexa XT,2
BMW 5 Series 2013-2017 525d Luxury Line,2
Honda Amaze EX i-Vtech,2
Tata Tiago 1.2 Revotron XZ,2
Maruti Swift LXI,2
Hyundai EON Era,2
Hyundai i20 Magna 1.4 CRDi,2
Toyota Corolla Altis Diesel D4DG,2
Maruti Swift VDi BSIII W/ ABS,2
BMW 7 Series 2007-2012 740Li,2
Hyundai i10 Magna AT,2
Honda City i DTec VX,2
Skoda Superb 2009-2014 Elegance 2.0 TDI MT,2
Maruti Ciaz VDi Plus SHVS,2
Fiat Avventura MULTIJET Emotion,2
Hyundai Grand i10 1.2 Kappa Magna,2
Renault Duster 110PS Diesel RxZ AMT,2
Mercedes-Benz E-Class 2009-2013 E 200 CGI Avantgarde,2
Honda Amaze S Petrol,2
Maruti Wagon R VXI BSIII,2
Toyota Corolla Altis VL,2
Maruti Swift VXi BSIV,2
Maruti SX4 ZDI,2
Tata Tigor 1.2 Revotron XTA,2
Tata Indica GLS BS IV,2
Maruti SX4 S Cross DDiS 320 Zeta,2
Maruti Swift VXI BSIII,2
Hyundai Xcent 1.2 Kappa SX,2
Volkswagen Vento Petrol Trendline,2
Ford EcoSport 1.5 Ti VCT AT Titanium BE,2
Fiat Linea Emotion Pack (Diesel),2
Volvo XC60 D5 Inscription,2
Honda City i DTEC S,2
Toyota Innova 2.5 VX (Diesel) 8 Seater BS IV,2
Hyundai Verna VTVT 1.6 AT SX Option,2
Hyundai Verna CRDi 1.6 AT SX Option,2
Toyota Etios GD SP,2
Volvo S60 D4 Momentum,2
Mercedes-Benz E-Class 2015-2017 E350 CDI Avantgrade,2
Toyota Innova Crysta 2.4 VX MT,2
Volkswagen Polo 1.0 MPI Trendline,2
Honda Civic 2010-2013 1.8 S MT,2
Land Rover Freelander 2 HSE,2
Honda CR-V 2.0L 2WD MT,2
Toyota Innova 2.5 GX (Diesel) 7 Seater,2
Tata Manza Aura Safire,2
Audi Q7 35 TDI Quattro Premium Plus,2
Honda City i-VTEC S,2
Honda CR-V 2.4L 4WD AT AVN,2
Ambassador Classic Nova Diesel,2
Mahindra Scorpio VLX 2.2 mHawk BSIII,2
Maruti Zen VX,2
Maruti 800 DX BSII,2
Toyota Corolla Altis 1.8 VL CVT,2
BMW 3 Series 328i Sport Line,2
Toyota Corolla Altis 1.4 DG,2
Mahindra XUV500 W4,2
Toyota Corolla 1.8 J,2
Audi Q3 2.0 TDI Quattro,2
Jaguar XE 2.0L Diesel Prestige,2
Mahindra Xylo D4,2
Toyota Camry 2.5 Hybrid,2
Audi Q5 3.0 TDI Quattro,2
Maruti Ertiga VDI Limited Edition,2
Maruti Baleno Sigma 1.2,2
Hyundai Accent Executive,2
Hyundai Xcent 1.2 VTVT S,2
Land Rover Freelander 2 TD4 S,2
Tata Indigo eCS LX BSIV,2
Maruti Alto 800 2016-2019 CNG LXI,2
Hyundai Santro GLS I - Euro II,2
Toyota Fortuner 2.8 2WD MT,2
Honda City 1.5 EXI,2
Hyundai Grand i10 CRDi Sportz Celebration Edition,2
Ford Figo Petrol LXI,2
Toyota Innova 2.5 ZX Diesel 7 Seater,2
Maruti Ciaz 1.4 AT Alpha,2
Honda City 1.3 DX,2
Ford EcoSport 1.0 Ecoboost Titanium Plus BE,2
Skoda Octavia Ambition 1.8 TSI AT,2
Fiat Linea Emotion (Diesel),2
Maruti Swift Lxi BSIII,2
Land Rover Discovery 4 TDV6 SE,2
BMW X1 M Sport sDrive 20d,2
Volkswagen Beetle 2.0,2
Volkswagen Polo GT TDI,2
Hyundai Verna CRDi 1.4 E,2
Fiat Linea Classic Plus 1.3 Multijet,2
Honda City 1.3 EXI,2
Fiat Petra 1.2 EL,2
Ford Fiesta 1.4 Duratec EXI,2
Maruti Ignis 1.2 Delta,2
Maruti Swift 1.3 ZXI,2
Maruti Wagon R CNG LXI,2
BMW 7 Series 730Ld,2
Skoda Rapid 1.6 MPI AT Style Plus,2
Honda City i DTec E,2
Honda Brio S Option MT,2
Toyota Corolla Altis 2008-2013 1.8 VL AT,2
Maruti Baleno Vxi,2
Mahindra Scorpio LX BS IV,2
Skoda Laura 1.8 TSI Ambiente,2
Maruti SX4 Zxi BSIII,2
Land Rover Range Rover 3.6 TDV8 Vogue SE Diesel,2
Hyundai Santa Fe 4WD AT,2
Nissan Sunny 2011-2014 XV,2
Maruti Alto 800 2016-2019 VXI,2
Hyundai Grand i10 1.2 Kappa Sportz AT,2
Tata Manza Aqua Quadrajet,2
Chevrolet Optra Magnum 2.0 LT,2
Hyundai Grand i10 1.2 Kappa Sportz,2
Nissan Micra XL,2
Hyundai Creta 1.6 VTVT E Plus,2
Honda Accord 2.4 Elegance A/T,2
Honda City 1.5 S AT,2
Maruti Baleno Alpha 1.3,2
Hyundai i20 Era 1.4 CRDi,2
Mercedes-Benz E-Class 2015-2017 E350 Edition E,2
Nissan Terrano XV 110 PS,2
Hyundai Getz 1.5 CRDi GVS,2
BMW 5 Series 520d Sport Line,2
Ford Figo Petrol ZXI,2
Hyundai Grand i10 1.2 Kappa Magna AT,2
Hyundai i10 Era 1.1 iTech SE,2
Honda City V MT Exclusive,2
Ford EcoSport 1.5 TDCi Ambiente,2
BMW 5 Series 523i Sedan,2
Ford Ecosport 1.0 Ecoboost Platinum Edition,2
Tata Zest Revotron 1.2T XM,2
Audi A7 2011-2015 3.0 TDI Quattro,2
Tata Indica Vista Quadrajet VX,2
Honda Jazz 1.2 V AT i VTEC Privilege,2
Ford Figo 2015-2019 1.5P Titanium AT,2
Chevrolet Beat Diesel LS,2
Volkswagen Polo GTI,2
Ford Figo 2015-2019 1.2P Titanium Opt MT,2
Ford EcoSport 1.5 Petrol Titanium,2
Toyota Innova 2.5 VX (Diesel) 8 Seater,2
Nissan Micra Active XL Petrol,2
Mercedes-Benz New C-Class 200 Kompressor,2
Ford Fiesta Diesel Style,2
Hyundai Verna 1.6 VTVT S,2
Hyundai i20 1.4 Asta (AT),2
Mercedes-Benz New C-Class C 220CDIBE Avantgarde Command,2
Hyundai Elite i20 Petrol Asta,2
Hyundai Verna 1.6 VTVT EX AT,2
Toyota Corolla Altis 1.8 G,2
Tata Nano LX,2
Land Rover Range Rover Sport 2005 2012 Sport,2
Chevrolet Optra 1.6 LS,2
Audi Q5 2.0 TDI Premium Plus,2
Mahindra Scorpio S6 7 Seater,2
Toyota Corolla Altis Aero D 4D J,2
Maruti 800 Std BSIII,2
Maruti Baleno Zeta 1.2,2
Mini Cooper Countryman D,2
Mercedes-Benz S Class 2005 2013 320 CDI,2
Chevrolet Sail LT ABS,2
Toyota Innova 2.5 G (Diesel) 8 Seater BS IV,2
Tata Manza Club Class Quadrajet90 LX,2
Hyundai Creta 1.6 SX Automatic Diesel,2
Maruti Ritz VXI,2
Volkswagen Ameo 1.5 TDI Comfortline,2
Jaguar XJ 3.0L Portfolio LWB,2
Honda Accord VTi-L (AT),2
Hyundai i20 Asta (o),2
Land Rover Range Rover Sport SE,2
Chevrolet Optra Magnum 1.6 LT ABS BS3,2
Honda Civic 2006-2010 1.8 V AT,2
BMW X3 xDrive20d,2
Skoda Laura Ambition 2.0 TDI CR AT,2
Honda Accord 2.4 AT,2
Honda Jazz 1.2 E i VTEC,2
Maruti Dzire AMT ZDI Plus,2
Nissan Sunny 2011-2014 Diesel XL,2
Ford EcoSport 1.5 Diesel Titanium Plus,2
Tata Zest Quadrajet 1.3 XT,2
Skoda Rapid 1.5 TDI AT Style,2
Toyota Innova Crysta 2.4 VX MT 8S,2
Honda City i DTEC SV,2
Audi Q5 2008-2012 3.0 TDI,2
Mahindra Thar CRDe,2
Ford Aspire Titanium Diesel,2
Mini Cooper 3 DOOR D,2
Chevrolet Optra 1.6 Elite,2
Toyota Innova 2.5 GX 7 STR BSIV,2
Honda City i DTec SV,2
Volkswagen Ameo 1.2 MPI Highline,2
Maruti SX4 ZDI Leather,2
Audi Q7 35 TDI Quattro Technology,2
Volkswagen Passat Diesel Highline 2.0 TDI,2
Hyundai Elantra CRDi SX AT,2
Land Rover Discovery Sport TD4 HSE 7S,2
Honda City i VTEC SV,2
Maruti Wagon R LX BS IV,2
Maruti Ertiga VXI CNG,2
Volkswagen Tiguan 2.0 TDI Highline,2
Hyundai Grand i10 1.2 CRDi Sportz Option,2
Volkswagen Jetta 2012-2014 2.0L TDI Comfortline,2
Skoda Yeti Elegance,2
Audi Q7 45 TDI Quattro Premium Plus,2
Maruti Wagon R VXI Minor ABS,2
Skoda Rapid 1.6 MPI Elegance Black Package,2
Maruti Swift Dzire ZXI,2
Audi Q7 4.2 FSI quattro,2
Volkswagen Polo 1.5 TDI Comfortline,2
Maruti 800 AC BSIII,2
Volkswagen Polo 1.5 TDI Trendline,2
Chevrolet Captiva LTZ VCDi,2
Volkswagen Jetta 2013-2015 2.0L TDI Highline AT,2
Maruti Ciaz 1.4 Zeta,2
Mahindra Scorpio 2009-2014 VLX 4WD AT 7S BSIV,2
Chevrolet Aveo U-VA 1.2 LS,2
Maruti Ciaz ZXi Option,2
Honda Jazz 1.2 SV i VTEC,2
Skoda Fabia 1.2 TDI Ambition,2
Hyundai i10 Magna(O) with Sun Roof,2
Ford Ecosport 1.5 Ti VCT AT Titanium,2
Mercedes-Benz E-Class 2009-2013 E350 CDI Avantgarde,2
Audi A4 35 TDI Premium,2
Nissan Sunny 2011-2014 XL,2
Chevrolet Aveo 1.4 LS,2
Honda Mobilio V i DTEC,2
Maruti A-Star AT Vxi Aktiv,2
Mercedes-Benz New C-Class C 200 Kompressor Elegance AT,2
Hyundai i20 1.4 Asta CRDi with AVN,2
Skoda Octavia Rider 1.9 TDI MT,2
Renault Duster Petrol RxL,2
Nissan Micra Diesel,2
Audi Q5 3.0 TDI Quattro Technology,2
Mahindra Xylo E8 ABS BS IV,2
Hyundai Verna 1.6 SX VTVT AT,2
Fiat Punto EVO 1.2 Emotion,2
Mahindra TUV 300 2015-2019 mHAWK100 T8 AMT,2
Ford Endeavour 4x2 XLT Limited Edition,2
Honda Amaze V CVT Petrol,2
BMW 3 Series 320d GT Luxury Line,2
Maruti Baleno Delta Automatic,2
Tata Nano Lx,2
Toyota Etios G Safety,2
Tata Indica V2 DLS TC,2
Ford Figo 1.5D Titanium Plus MT,2
Nissan Sunny XL,2
Fiat Grande Punto 1.3 Emotion (Diesel),2
Ford Endeavour 3.0L 4X4 AT,2
Mahindra TUV 300 2015-2019 mHAWK100 T8,2
BMW X6 xDrive 40d,2
Maruti Wagon R AMT VXI Option,2
Maruti Zen Estilo 1.1 LX BSIII,2
Mahindra Verito 1.5 D6 BSIV,2
Renault KWID Climber 1.0 MT,2
Porsche Cayenne Diesel,2
Datsun GO T Option,2
BMW 3 Series 330i,2
Hyundai EON 1.0 Kappa Magna Plus Optional,2
Hyundai i20 Sportz 1.2,2
Maruti Ritz ZXi,2
Hyundai Xcent 1.2 Kappa AT S Option,2
Honda Amaze E i-Vtech,2
Maruti Wagon R VXI AMT,2
Ford Figo Petrol Titanium,2
Volkswagen Ameo 1.2 MPI Trendline,2
Ford Ecosport 1.5 DV5 MT Trend,2
Toyota Etios Liva 1.2 VX Dual Tone,2
Tata Bolt Quadrajet XE,2
Volkswagen Vento 1.5 TDI Highline,2
Hyundai i20 Sportz Petrol,2
Audi Q5 2.0 TDI,2
Hyundai i20 Magna,2
Mahindra KUV 100 mFALCON D75 K4 Plus 5str,2
Hyundai Elantra 1.6 SX Option AT,2
Jeep Compass 2.0 Limited Option Black,2
Maruti Vitara Brezza VDi Option,2
Toyota Corolla Altis 1.8 GL,2
BMW X1 xDrive 20d xLine,2
Nissan Evalia 2013 XL,2
Mini Cooper Countryman D High,2
Fiat Linea T-Jet Active,2
Chevrolet Aveo 1.4 LT,2
Hyundai Santro DX,2
Skoda Rapid 1.6 MPI Elegance,2
Chevrolet Optra Magnum 2.0 LT BS3,2
Toyota Innova 2.5 LE 2014 Diesel 7 Seater,2
Tata Indica V2 eLX,2
Chevrolet Enjoy 1.3 TCDi LS 8,2
Ford Fiesta 1.4 Duratorq EXI,2
Mercedes-Benz GLS 350d Grand Edition,2
Volkswagen Ameo 1.5 TDI Highline AT,2
Honda Jazz 1.2 S i VTEC,2
Renault Scala Diesel RxL,2
Toyota Fortuner 2.8 2WD AT,2
Mercedes-Benz New C-Class 250 CDI Classic,2
Toyota Qualis FS B3,2
BMW 5 Series 2007-2010 525d Sedan,2
Mitsubishi Pajero 2.8 SFX BSIII Dual Tone,2
Toyota Corolla H2,2
Hyundai Xcent 1.2 Kappa S Option CNG,2
Mercedes-Benz E-Class 200 Kompressor Elegance,2
Maruti Dzire VDI,2
Ford EcoSport 1.5 Diesel Titanium,2
Maruti Dzire ZDI Plus,2
Mahindra Scorpio 1.99 S10,2
Skoda Fabia 1.2L Diesel Classic,2
Honda City i VTEC CVT SV,2
Tata Sumo EX,2
Fiat Linea 1.3 Dynamic,2
Audi A3 35 TDI Technology,2
Hyundai Verna VTVT 1.6 SX Option,2
Hyundai i20 1.4 CRDi Magna,2
Ford Fiesta 1.6 ZXI Duratec,2
Mercedes-Benz GLA Class 200 d Sport,2
Toyota Innova 2.0 GX 8 STR,1
Ford Figo 1.2P Titanium MT,1
BMW 7 Series 740Li,1
Skoda Rapid 1.5 TDI AT Elegance,1
BMW 3 Series 320d Sport,1
Jeep Compass 2.0 Longitude,1
Maruti Vitara Brezza ZDi Plus AMT Dual Tone,1
Hyundai Xcent 1.2 VTVT SX,1
Mercedes-Benz E-Class 220 CDI,1
Mahindra Renault Logan 1.4 GLX Petrol,1
Skoda Octavia 1.9 TDI,1
Ford Ikon 1.4 TDCi DuraTorq,1
Hyundai Verna 1.6 CRDi EX MT,1
Volkswagen Polo 1.0 MPI Comfortline,1
Mahindra Scorpio VLX 2WD AIRBAG BSIV,1
Mahindra Xylo E4,1
Toyota Innova 2.5 G3,1
Mercedes-Benz E-Class 2009-2013 E 200 CGI Elegance,1
Mahindra Bolero SLE,1
Ford Fiesta 1.4 SXi TDCi ABS,1
Maruti Ritz AT,1
Mahindra Scorpio 2.6 CRDe,1
Mahindra Scorpio S4 7 Seater,1
Mahindra Jeep MM 550 PE,1
BMW 7 Series 730Ld Eminence,1
Hyundai Sonata Embera 2.0L CRDi MT,1
Renault Duster Adventure Edition,1
Audi A4 2.0 TDI 177 Bhp Technology Edition,1
Hyundai Verna 1.4 VTVT,1
Mahindra TUV 300 T8,1
Hyundai Accent GLE 1,1
Maruti Swift 1.3 LXI,1
Tata Zest Revotron 1.2T XMS,1
Ford Aspire Titanium Plus Diesel,1
Hyundai Verna SX CRDi AT,1
BMW X3 xDrive20d Expedition,1
BMW 6 Series 640d Coupe,1
Hyundai Santro LP zipPlus,1
Porsche Cayenne Turbo S,1
Mahindra Quanto C8,1
Toyota Corolla H5,1
Mahindra KUV 100 mFALCON D75 K4,1
BMW 3 Series 2005-2011 325i Sedan,1
Toyota Fortuner 4x2 MT TRD Sportivo,1
Tata Indigo CS Emax CNG GLX,1
Maruti Zen VXI,1
Ford Freestyle Titanium Petrol,1
Hyundai Elite i20 Asta Option,1
Maruti Baleno Alpha 1.2,1
Maruti Baleno Delta,1
Hyundai Santa Fe 2WD AT,1
Honda City 1.5 V MT Exclusive,1
Mahindra Bolero SLE BSIII,1
Ford Endeavour 2.2 Titanium AT 4X2,1
Maruti Ciaz AT ZXi,1
Mahindra XUV500 W10 AWD,1
Hyundai Creta 1.6 SX Option,1
Maruti Swift VDI BSIV W ABS,1
Mahindra Scorpio SLE BSIII,1
Volkswagen Jetta 2007-2011 2.0 TDI Trendline,1
Land Rover Discovery HSE Luxury 3.0 TD6,1
Nissan Terrano XL 110 PS,1
Hyundai Tucson 2.0 Dual VTVT 2WD AT GL,1
Audi A4 2.0 TFSI,1
Mercedes-Benz E-Class E250 CDI Launch Edition,1
Renault Duster 85PS Diesel RxE,1
Honda Amaze S AT i-Vtech,1
Volvo S60 D4 SUMMUM,1
Maruti Swift Dzire 1.2 Lxi BSIV,1
Maruti Omni MPI STD BSIV,1
Maruti SX4 VDI,1
Ford Fiesta Titanium 1.5 TDCi,1
Mercedes-Benz E-Class E270 CDI,1
Maruti Baleno Zeta Automatic,1
Mahindra Scorpio S10 AT 4WD,1
Volkswagen Polo 1.2 MPI Trendline,1
Hyundai i20 1.2 Era,1
Toyota Camry W4 (AT),1
BMW 5 Series 2013-2017 520d M Sport,1
Chevrolet Sail Hatchback 1.2 LS ABS,1
Skoda Superb 2.5 TDi AT,1
Toyota Corolla Altis D-4D G,1
Skoda Rapid 1.6 MPI AT Elegance,1
Honda Brio 1.2 VX AT,1
Maruti Zen Estilo LXI BSIII,1
Toyota Etios Cross 1.4L GD,1
Maruti Celerio ZXI MT,1
Tata Tiago 1.2 Revotron XT,1
Mercedes-Benz M-Class ML 250 CDI,1
Maruti Wagon R VXI 1.2,1
Honda City i-DTEC ZX,1
Maruti Swift LXI Option,1
Mercedes-Benz M-Class ML 350 CDI Corporate,1
Toyota Innova Crysta 2.4 G MT,1
Toyota Etios Liva V,1
Toyota Qualis RS E2,1
Ford Ecosport 1.5 Ti VCT MT Titanium,1
BMW X6 xDrive30d,1
Hyundai Santro Xing GLS LPG,1
Maruti Ciaz VDi,1
Mahindra Logan Diesel 1.5 DLS,1
Maruti Ciaz Alpha,1
Ford Figo 2015-2019 1.2P Trend MT,1
BMW 1 Series 118d Sport Line,1
Tata Safari DICOR 2.2 LX 4x2,1
Mahindra Scorpio VLX 4WD AIRBAG BSIV,1
Honda City ZX VTEC,1
Porsche Cayman 2009-2012 S tiptronic,1
Land Rover Range Rover Sport 2005 2012 HSE,1
Hyundai i10 Asta Sunroof AT,1
Chevrolet Tavera LT 9 Str BS IV,1
Volkswagen Vento 1.5 TDI Trendline,1
Mercedes-Benz E-Class E 350 d,1
Maruti Celerio LXI,1
Tata Nano XT,1
Maruti Swift 1.3 VXI ABS,1
Chevrolet Enjoy 1.3 TCDi LTZ 8,1
BMW X5 xDrive 30d M Sport,1
Skoda Fabia 1.2 MPI Ambition Plus,1
Nissan Terrano XL D Option,1
Hyundai Santro AT,1
Mahindra Xylo D2 BSIV,1
Mercedes-Benz GLA Class 200 Sport Edition,1
Mercedes-Benz CLA 200 Sport Edition,1
Mahindra Xylo D2 Maxx,1
Tata Safari Storme Explorer Edition,1
Toyota Corolla Altis G MT,1
Maruti Grand Vitara 2.4 MT,1
Mahindra XUV500 W8 1.99 mHawk,1
Maruti Estilo LXI,1
Mini Cooper 3 DOOR S,1
Maruti Wagon R Stingray LXI,1
Skoda Rapid 1.6 MPI AT Ambition,1
Skoda Laura Elegance 2.0 TDI CR AT,1
Ford Endeavour 2.2 Trend MT 4X4,1
Hyundai i20 2015-2017 1.4 Magna ABS,1
Ford EcoSport 1.5 Petrol Trend,1
Honda Jazz V CVT,1
Volvo XC90 2007-2015 D5 AWD,1
Mahindra Scorpio S2 7 Seater,1
Mercedes-Benz New C-Class C 200 CGI Elegance,1
Hyundai Grand i10 1.2 CRDi Sportz,1
Jaguar XJ 3.0L Portfolio,1
Hyundai i20 Magna 1.4 CRDi (Diesel),1
Ford Figo Diesel EXI Option,1
Hyundai i10 Magna LPG,1
Maruti Baleno Delta 1.3,1
Mercedes-Benz GLC 220d 4MATIC Sport,1
Hyundai Xcent 1.2 CRDi E Plus,1
Nissan Sunny Diesel XV,1
Renault Pulse RxL,1
Volkswagen Vento Petrol Comfortline,1
Audi Q3 2012-2015 35 TDI Quattro Premium,1
Maruti Ciaz ZDi Plus,1
Mercedes-Benz CLA 200 CDI Style,1
Toyota Innova 2.5 GX (Diesel) 8 Seater,1
Toyota Etios Petrol TRD Sportivo,1
Honda Accord 2.4 M/T,1
Audi A4 35 TDI Premium Sport,1
Toyota Corolla DX,1
Tata Hexa XTA,1
Hyundai i20 2015-2017 1.2 Asta,1
Honda Accord 2001-2003 2.3 VTi L AT,1
Ford Fiesta Classic 1.4 Duratorq LXI,1
Hyundai Verna CRDi ABS,1
Hyundai Grand i10 CRDi Asta,1
BMW 6 Series Gran Coupe,1
Maruti SX4 Green Vxi (CNG),1
Skoda Octavia 2.0 TDI AT Style Plus,1
Hyundai Santro Xing XO CNG,1
Land Rover Discovery SE 3.0 TD6,1
Mercedes-Benz New C-Class 230 Avantgarde,1
BMW 5 Series 520d Sedan,1
Audi Q7 3.0 TDI quattro,1
Skoda Rapid 1.5 TDI Ambition,1
Hyundai Santro GLS II - Euro II,1
BMW 3 Series 318i Sedan,1
Mahindra NuvoSport N8,1
BMW X6 xDrive 40d M Sport,1
Honda Amaze VX AT i-Vtech,1
Audi A4 2.0 TDI Premium Sport Limited Edition,1
Skoda Octavia Ambiente 1.9 TDI MT,1
Honda Amaze E i-Dtech,1
Toyota Innova 2.5 EV Diesel MS 8 Str BSIII,1
Mitsubishi Pajero 2.8 GLX Sports,1
Volvo S80 D5,1
Mahindra Scorpio VLX 2WD BSIV,1
Chevrolet Tavera LS B3 10 Seats BSIII,1
Hyundai Santro Xing XG eRLX Euro III,1
Maruti Celerio ZXI AT,1
Mitsubishi Montero 3.2 GLS,1
Honda Civic 2006-2010 1.8 (E) MT,1
Hyundai i20 2015-2017 Magna 1.2,1
Hyundai i20 Sportz Option 1.2,1
Tata Tiago AMT 1.2 Revotron XZA,1
Tata Xenon XT EX 4X4,1
Hyundai EON Magna,1
Tata Nano Cx,1
Renault Scala RxL,1
Tata Indigo CS LX (TDI) BS III,1
Ford Fiesta 1.4 TDCi EXI,1
Hyundai Grand i10 CRDi SportZ Edition,1
Audi A4 1.8 TFSI,1
Hyundai Verna Transform SX VTVT,1
Hyundai Getz GLS ABS,1
Hyundai Grand i10 1.2 Kappa Sportz Option,1
Ford Figo 2015-2019 1.2P Sports Edition MT,1
Honda BRV i-VTEC V MT,1
Audi Q5 2.0 TDI Technology,1
Honda Amaze S i-DTEC,1
Porsche Panamera Diesel,1
Audi A6 2.8 FSI,1
Maruti Ciaz ZXi Plus,1
Mahindra Bolero mHAWK D70 ZLX,1
Maruti Swift Dzire 1.2 Vxi BSIV,1
Maruti Wagon R VXi BSII,1
Honda Mobilio E i VTEC,1
Skoda Superb 3.6 V6 FSI,1
Hyundai i20 1.4 Sportz,1
Maruti Celerio ZXI Optional,1
Ford Figo Diesel LXI,1
Volvo S60 D3,1
Mahindra KUV 100 mFALCON G80 K2,1
Mahindra TUV 300 T8 AMT,1
Maruti Celerio CNG VXI MT,1
Mahindra Scorpio DX 2.6 Turbo 8 Str,1
Hyundai Tucson CRDi,1
Porsche Panamera Diesel 250hp,1
Honda Amaze V Petrol,1
Hyundai i20 Active 1.2 SX Dual Tone,1
Maruti Swift AMT DDiS VDI,1
Maruti Wagon R VXI BS IV with ABS,1
Toyota Etios VX,1
Volkswagen CrossPolo 1.5 TDI,1
Skoda Rapid 1.6 MPI AT Style,1
Hyundai Verna CRDi,1
Hyundai i20 Active S Diesel,1
Maruti Baleno Alpha CVT,1
Honda CR-V 2.4L 4WD MT,1
Ford Fiesta 1.4 ZXi TDCi ABS,1
Hyundai Verna 1.6 CRDi S,1
Maruti Wagon R Vx,1
Maruti Alto LX BSIII,1
Maruti Celerio ZDi,1
Hyundai EON D Lite Plus Option,1
Maruti Swift VDI Optional,1
Maruti Swift AMT VDI,1
Mahindra Scorpio 2009-2014 SLE 7S BSIV,1
Hyundai Getz GLE,1
Honda Brio E MT,1
Skoda Superb Elegance 1.8 TSI MT,1
Ford Ecosport 1.5 Ti VCT MT Trend,1
BMW 7 Series 730Ld Sedan,1
Renault Fluence Diesel E4,1
Mitsubishi Pajero 2.8 SFX,1
BMW X5 X5 M,1
Mahindra TUV 300 2015-2019 T8,1
Renault KWID 1.0 RXT Optional AMT,1
BMW X3 xDrive 20d Luxury Line,1
Maruti Wagon R Stingray VXI,1
Chevrolet Sail Hatchback LS ABS,1
Tata Zest Quadrajet 1.3,1
BMW X3 xDrive20d xLine,1
Maruti Wagon R LX BSIII,1
Hyundai Getz GLS,1
Maruti Omni MPI CARGO BSIV,1
Mercedes-Benz B Class 2012-2015 B200 Sport CDI,1
Mahindra Scorpio VLX 4WD,1
Toyota Innova 2.5 G4 Diesel 8-seater,1
Tata Bolt Quadrajet XM,1
Maruti Swift Dzire Ldi BSIV,1
Chevrolet Spark 1.0 LT,1
Audi A6 35 TDI Matrix,1
Tata Tigor 1.05 Revotorq XZ Option,1
Ford Figo Aspire 1.5 TDCi Trend,1
Tata Venture EX,1
Ford Endeavour 2.5L 4X2 MT,1
Tata Nexon 1.5 Revotorq XZ Plus Dual Tone,1
Isuzu MUX 4WD,1
Maruti Swift Ldi BSIII,1
Maruti Ignis 1.2 AMT Alpha,1
Ford Figo Diesel Celebration Edition,1
Toyota Platinum Etios 1.4 GXD,1
Mahindra Thar DI 4X4,1
Mercedes-Benz New C-Class C 250 CDI Elegance,1
Mercedes-Benz New C-Class 200 CDI Elegance,1
Hyundai Santro Xing GL Plus LPG,1
Tata Manza Aura Quadrajet,1
Honda Jazz 1.5 SV i DTEC,1
Tata Manza Aura Plus Quadrajet BS IV,1
Tata Indigo eCS LS (TDI) BS-III,1
Hyundai Grand i10 Era,1
Nissan Micra Active XV,1
Jeep Compass 2.0 Sport,1
BMW X3 xDrive20d Advantage Edition,1
Honda City V AT,1
Mahindra Ssangyong Rexton RX5,1
Tata Zest Quadrajet 1.3 75PS XM,1
Volvo S60 D4 KINETIC,1
Porsche Panamera 2010 2013 4S,1
Ford EcoSport 1.5 TDCi Trend,1
Mahindra KUV 100 G80 K6 Plus 5Str,1
Honda City 1.5 E MT,1
Hyundai Verna 1.6 EX VTVT,1
Tata New Safari DICOR 2.2 EX 4x4 BS IV,1
Tata Indigo eCS eLS BS IV,1
Mini Cooper S Carbon Edition,1
Skoda Laura Ambiente 2.0 TDI CR MT,1
Tata Tigor 1.2 Revotron XT,1
Mercedes-Benz E-Class 2009-2013 E250 CDI Blue Efficiency,1
Land Rover Discovery Sport TD4 HSE,1
Hyundai Verna CRDi SX ABS,1
Skoda Rapid 1.6 MPI Active,1
Hyundai Santro GS,1
Maruti Ciaz VDi Plus,1
Mercedes-Benz E-Class 2009-2013 E350 Petrol,1
Audi A6 2011-2015 3.0 TDI Quattro Premium Plus,1
Honda City 1.5 EXI AT,1
Skoda Laura Ambition 2.0 TDI CR MT,1
Tata Tiago Wizz 1.05 Revotorq,1
Skoda Rapid 1.6 MPI Ambition,1
Renault KWID RXL,1
Mahindra Scorpio S8 8 Seater,1
Chevrolet Enjoy TCDi LS 8 Seater,1
Audi A7 2011-2015 Sportback,1
Ford Fiesta 1.4 ZXi Leather,1
Ford EcoSport 1.5 TDCi Trend Plus,1
Maruti Swift LDI BSIV,1
Maruti Ertiga Paseo VDI,1
Maruti Zen Estilo LXI BS IV,1
Maruti Alto K10 LXI CNG Optional,1
Tata Manza Aqua Safire,1
Volkswagen Vento Sport 1.2 TSI AT,1
Mahindra Xylo D2 BS III,1
Porsche Cayenne Base,1
Volkswagen Polo 1.2 MPI Highline Plus,1
Maruti Zen LXI,1
Tata Safari Storme VX,1
Honda Brio 1.2 S MT,1
Volkswagen Jetta 2012-2014 1.4 TSI,1
Honda Jazz Select Edition,1
Maruti S Cross DDiS 320 Alpha,1
Audi A4 30 TFSI Premium Plus,1
Ford Endeavour Titanium 4X2,1
Chevrolet Sail 1.2 LS,1
Maruti Swift Dzire LXI,1
Maruti Dzire LDI,1
Maruti Eeco CNG 5 Seater AC,1
Hyundai Santro GS zipDrive - Euro II,1
Toyota Corolla Altis GL MT,1
Mahindra XUV500 W7,1
BMW 7 Series 730Ld Design Pure Excellence CBU,1
Mercedes-Benz E-Class 280 Elegance,1
Nissan Micra XV D,1
Maruti 800 Std,1
Honda Accord 2.4 Elegance M/T,1
Maruti Dzire ZDI,1
Toyota Corolla Altis G HV AT,1
Land Rover Range Rover Vogue SE 4.4 SDV8,1
Jeep Compass 2.0 Limited Option 4X4,1
Toyota Etios G SP,1
Ford Freestyle Titanium Plus Petrol,1
Audi Q3 30 TDI Premium FWD,1
Skoda Rapid 2013-2016 1.6 MPI Ambition,1
Renault Duster 110PS Diesel RxZ Plus,1
Mercedes-Benz E-Class E400 Cabriolet,1
Maruti Baleno Delta CVT,1
Ford Fiesta Diesel Titanium Plus,1
Hyundai Grand i10 Magna AT,1
Tata Manza Aura Quadrajet BS IV,1
Toyota Innova 2.5 GX 7 STR,1
Nissan Micra XL Primo,1
Ford Aspire Ambiente Diesel,1
Hyundai Verna Transform CRDi VGT SX ABS,1
Hyundai Sonata Transform 2.4 GDi MT,1
Skoda Superb 1.8 TFSI MT,1
Mercedes-Benz M-Class ML 320 CDI,1
Volkswagen Vento Diesel Breeze,1
Mahindra Quanto C6,1
Hyundai i10 Asta 1.2 AT with Sunroof,1
Toyota Etios Liva 1.4 GD,1
Ford Figo Aspire 1.2 Ti-VCT Titanium,1
BMW 7 Series 2007-2012 750Li,1
Hyundai EON 1.0 Magna Plus Option O,1
Hyundai Xcent 1.2 Kappa AT SX Option,1
Skoda Rapid 1.6 MPI AT Elegance Plus,1
Mitsubishi Pajero 2.8 GLX CRZ,1
Maruti SX4 Vxi BSIV,1
Honda City i-VTEC VX,1
Hyundai i10 Magna 1.1 iTech SE,1
Renault Duster 85PS Diesel RxL Optional with Nav,1
Mercedes-Benz R-Class R350 CDI 4MATIC,1
Hyundai Verna 1.6 CRDI AT SX Option,1
Honda Brio S Option AT,1
Hyundai i10 Sportz Option,1
Skoda Octavia L and K 1.9 TDI MT,1
Hyundai Getz GVS,1
Hyundai i20 Sportz Option Diesel,1
Mahindra XUV500 AT W10 AWD,1
Mahindra Bolero SLX 2WD,1
Renault Scala RxL AT,1
Land Rover Freelander 2 HSE SD4,1
Tata Indigo XL Classic Dicor,1
Nissan Micra XV,1
Honda CR-V 2.0 AT,1
Ford Figo Aspire 1.2 Ti-VCT Ambiente,1
Toyota Innova 2.0 E,1
Hyundai Elite i20 Petrol Sportz,1
BMW 5 Series 2003-2012 530d,1
Honda Accord VTi-L MT,1
Mahindra Xylo D4 BS III,1
Volkswagen Passat 1.8 TSI MT,1
Skoda Rapid 1.6 MPI AT Ambition Plus Alloy,1
Mahindra Quanto C4,1
Hyundai Sonata Transform 2.4 GDi AT,1
Maruti Ertiga SHVS ZDI Plus,1
Hyundai Xcent 1.1 CRDi S Option,1
Mitsubishi Pajero 4X4 LHD,1
Honda Brio EX MT,1
Hyundai i20 Asta Option 1.4 CRDi,1
Honda Amaze S i-VTEC,1
Mahindra KUV 100 mFALCON G80 K6 Plus,1
Volkswagen Polo 1.2 MPI Comfortline,1
Jaguar XJ 3.0L Premium Luxury,1
Hyundai Verna 1.4 EX,1
Hyundai Grand i10 Asta Option AT,1
Nissan Teana 230jM,1
Land Rover Discovery Sport SD4 HSE Luxury 7S,1
Mahindra Scorpio VLX 4WD AIRBAG AT BSIV,1
Datsun GO Plus T,1
Mahindra Scorpio S6 Plus 7 Seater,1
Hyundai Verna 1.4 CX VTVT,1
Skoda Rapid 1.6 MPI Ambition With Alloy Wheel,1
Maruti S Cross DDiS 200 Delta,1
Mahindra KUV 100 G80 K8,1
Ford Figo 2015-2019 1.5D Titanium MT,1
Maruti Baleno Zeta CVT,1
Maruti Swift LXi BSIV,1
Mercedes-Benz CLS-Class 2006-2010 350 CDI,1
Hyundai Sonata Embera 2.0L CRDi AT,1
Ford Fiesta 1.4 Duratec ZXI,1
Maruti Wagon R LX DUO BSIII,1
Hyundai Xcent 1.2 VTVT E Plus,1
Maruti Alto 800 LXI Airbag,1
Skoda Rapid 1.6 TDI Elegance,1
ISUZU D-MAX V-Cross 4X4,1
Hyundai Verna 1.4 CRDi GL,1
Ford Figo Aspire 1.5 TDCi Ambiente,1
Hyundai Verna VTVT 1.6 AT EX,1
Honda CR-V Sport,1
Hyundai i20 2015-2017 Sportz AT 1.4,1
Maruti S-Cross Alpha DDiS 200 SH,1
Maruti SX4 Zxi with Leather BSIII,1
Honda Brio VX,1
Tata Safari Storme 2012-2015 VX,1
BMW 5 Series 530d Highline Sedan,1
Ford Fiesta 1.4 ZXi Duratec,1
Renault Fluence 1.5,1
Honda Mobilio V Option i DTEC,1
Chevrolet Captiva LT,1
Maruti Alto 800 2016-2019 LXI Optional,1
Volvo S60 D5 Summum,1
Maruti Celerio ZXI AMT,1
Maruti Esteem Vxi,1
Honda City ZX EXi,1
Mercedes-Benz E-Class 250 D W 210,1
Land Rover Range Rover Sport HSE,1
Maruti 800 AC Uniq,1
Toyota Etios Liva Diesel,1
Hyundai i20 2015-2017 1.2 Magna,1
Maruti Baleno RS 1.0 Petrol,1
Nissan Sunny 2011-2014 XL AT Special Edition,1
Mahindra Xylo E4 ABS BS III,1
Nissan X-Trail SLX MT,1
Hyundai Creta 1.4 CRDi S,1
Hyundai Verna 1.6 CRDI SX Option,1
Ford Fiesta 1.6 ZXi Leather,1
Ford Endeavour Hurricane LE,1
Skoda Octavia Ambiente 1.9 TDI,1
Ford Endeavour 2.5L 4X2,1
Honda CR-V AT With Sun Roof,1
Volkswagen Ameo 1.2 MPI Highline Plus 16,1
Renault Fluence 2.0,1
Maruti Alto Std,1
Fiat Linea 1.3 Emotion,1
Land Rover Discovery 3 TDV6 Diesel Automatic,1
Maruti Dzire New,1
Hyundai Verna VTVT 1.6 SX,1
Maruti Ertiga ZDI Plus,1
Hyundai Sonata GOLD,1
Hyundai i10 Sportz 1.1L,1
Chevrolet Optra Magnum 2.0 LS BSIII,1
Maruti Celerio ZXI,1
Nissan Terrano XV 110 PS Limited Edition,1
Honda Accord VTi-L AT,1
Fiat Grande Punto 1.2 Dynamic,1
Maruti Ertiga LXI,1
Toyota Corolla Altis 1.8 G CNG,1
Maruti Ignis 1.3 Zeta,1
Tata Indigo CS eGVX,1
Mercedes-Benz S-Class 320 L,1
Maruti Alto K10 LXI Optional,1
Honda Jazz Exclusive CVT,1
Maruti Celerio ZXI AT Optional,1
Mitsubishi Lancer 1.5 SFXi,1
Nissan Sunny XE P,1
Nissan Micra Diesel XL,1
Hyundai Verna 1.6 VTVT AT SX,1
Renault KWID AMT RXL,1
Ford Figo 2015-2019 1.5D Ambiente MT,1
Nissan Micra Diesel XV Primo,1
Skoda Octavia Style Plus 2.0 TDI AT,1
Hyundai i20 Active 1.4 SX Dual Tone,1
Audi A4 3.2 FSI Tiptronic Quattro,1
Honda Accord 2.4 Inspire M/T,1
Hyundai i20 Asta Optional with Sunroof 1.2,1
Fiat Punto 1.3 Emotion,1
Maruti Swift RS VDI,1
Volkswagen Passat 2.0 PD DSG,1
Mercedes-Benz CLA 200 CGI Sport,1
Honda CR-V 2.4 4WD AT,1
Mercedes-Benz R-Class R350 4Matic Long,1
Toyota Etios Cross 1.4 GD,1
Tata Indica Vista TDI LX,1
Skoda Octavia Rider Classic 1.9 TDI,1
Mercedes-Benz E-Class E350 CDI,1
Skoda Rapid 1.5 TDI AT Elegance Plus,1
Ford Ecosport 1.0 Ecoboost Titanium,1
Tata Indica V2 DLG TC,1
Maruti Baleno LXI - BSIII,1
Land Rover Range Rover 3.0 Diesel LWB Vogue,1
Maruti Baleno RS Petrol,1
Maruti Celerio VXI AT Optional,1
Ford Classic 1.4 Duratorq Titanium,1
Maruti Ciaz ZDi,1
Audi A4 3.0 TDI Quattro,1
Toyota Camry Hybrid 2.5,1
Mitsubishi Pajero Sport 4X4 AT,1
Toyota Corolla Altis JS MT,1
Datsun redi-GO S,1
Skoda Yeti Ambition 4WD,1
Hyundai i20 1.2 Asta with AVN,1
Mercedes-Benz S-Class 280 AT,1
Maruti Wagon R VXI Plus,1
Mahindra Scorpio SLE BSIV,1
Fiat Grande Punto EVO 1.3 Active,1
Hyundai Creta 1.6 SX Option Diesel,1
Maruti Eeco Smiles 5 Seater AC,1
Volkswagen Vento 1.2 TSI Highline AT,1
Mahindra KUV 100 mFALCON D75 K4 Plus,1
Mahindra Scorpio VLX AT AIRBAG BSIV,1
Honda City i-DTEC SV,1
Honda City 1.5 V AT Exclusive,1
Honda City V MT AVN,1
Renault Duster RXZ AWD,1
Hyundai Santro Xing XG,1
Audi A4 35 TDI Premium Plus,1
Ford Figo 2015-2019 1.5D Titanium Plus MT,1
Ford Ikon 1.6 ZXI NXt,1
Mahindra Scorpio 2009-2014 LX 2WD 7S,1
Ford Figo Aspire 1.5 Ti-VCT Titanium,1
Renault Duster 110PS Diesel RxL AMT,1
Skoda Rapid 1.5 TDI Ambition Plus,1
Mercedes-Benz E-Class 230 E AT,1
Honda Accord V6 AT,1
Mahindra Xylo E2,1
Hyundai Verna Transform Xxi ABS,1
Hyundai i10 Magna 1.1L,1
Volkswagen Ameo 1.2 MPI Anniversary Edition,1
Toyota Camry 2.5 G,1
Toyota Fortuner 4x2 AT TRD Sportivo,1
Honda Jazz 1.5 V i DTEC,1
BMW X1 xDrive 20d M Sport,1
Mahindra KUV 100 mFALCON D75 K8,1
Honda Jazz Mode,1
Maruti Swift ZXI Plus,1
Maruti Esteem LX BSII,1
Toyota Innova 2.5 GX (Diesel) 7 Seater BS IV,1
Skoda Laura RS,1
Honda City i DTec S,1
Tata New Safari 4X4 EX,1
Renault KWID 1.0 RXL,1
Maruti Ciaz RS ZXi Plus,1
Maruti Zen Estilo 1.1 VXI BSIII,1
Maruti Ritz LXI,1
Toyota Corolla Altis 1.8 Limited Edition,1
Toyota Etios VXD,1
Tata Tiago 1.2 Revotron XZ WO Alloy,1
Skoda Superb 2.8 V6 AT,1
BMW 3 Series GT 320d Luxury Line,1
Ford EcoSport 1.5 Ti VCT MT Titanium,1
Mercedes-Benz New C-Class C220 CDI Executive Edition,1
Ford Endeavour 4x2 XLT,1
Ford Figo Petrol EXI,1
Tata Indica Vista TDI LS,1
Volvo XC60 D4 Summum,1
Datsun Redi GO Sport,1
Hyundai Verna 1.6 CRDi AT S,1
Mahindra E Verito D4,1
Ford Mustang V8,1
Tata Indica V2 DLS BSIII,1
Honda Mobilio E i DTEC,1
Ford Fusion Plus 1.4 TDCi Diesel,1
Hyundai Xcent 1.1 CRDi SX Option,1
Skoda Superb Style 2.0 TDI AT,1
Ford Fiesta 1.4 Duratec EXI Limited Edition,1
BMW 5 Series 530i Sedan,1
Fiat Grande Punto 1.4 Emotion,1
Volvo XC90 2007-2015 D5 AT AWD,1
BMW 3 Series 320i,1
Volkswagen Jetta 2007-2011 1.9 TDI Trendline,1
Maruti Grand Vitara MT,1
Tata Indigo eCS GLE BSIII,1
Hyundai i20 2015-2017 1.2 Asta with AVN,1
Honda Jazz Active,1
Maruti Ritz ZXI,1
Toyota Fortuner TRD Sportivo 2.8 2WD AT,1
Tata Nano Cx BSIV,1
Skoda Superb Ambition 2.0 TDI CR AT,1
Tata Tigor 1.05 Revotorq XT,1
Mahindra Scorpio SLX,1
Audi A4 35 TDI Technology Edition,1
Honda Civic 2006-2010 1.8 MT Sport,1
Mercedes-Benz E-Class 2009-2013 E250 CDI Classic,1
Hyundai Grand i10 1.2 CRDi Asta,1
Mercedes-Benz New C-Class C 220 CDI Celebration Edition,1
Toyota Corolla Altis Diesel D4DJ,1
BMW 6 Series 650i Coupe,1
Skoda Fabia 1.2 Petrol Active,1
Fiat Siena 1.2 ELX,1
Ford Fiesta 1.6 ZXi Duratec,1
Tata Indica Vista Quadrajet 90 ZX Plus,1
Hyundai i20 Active 1.4 SX,1
Ford EcoSport 1.5 TDCi Trend Plus BE,1
Maruti Alto LXi BSII,1
Hyundai Verna 1.6 CRDi AT SX,1
Mercedes-Benz SLK-Class 55 AMG,1
Toyota Etios Cross 1.4L VD,1
Maruti Wagon R LX,1
Fiat Punto 1.2 Dynamic,1
Mercedes-Benz E-Class 2015-2017 E 200 CGI,1
Jaguar XF Aero Sport Edition,1
Maruti 1000 AC,1
Ford Fiesta 1.5 TDCi Titanium,1
Mercedes-Benz SL-Class SL 500,1
Hyundai Xcent 1.2 VTVT E,1
Skoda Rapid 1.6 MPI AT Ambition Plus,1
Hyundai Verna Xi (Petrol),1
Ford Ikon 1.6 CLXI,1
Tata Tiago 1.2 Revotron XT Option,1
Honda Civic 2010-2013 1.8 V AT Sunroof,1
Hyundai Santa Fe 4X2,1
Hyundai Elite i20 Sportz Plus,1
Mahindra Xylo E8 BS IV,1
Mercedes-Benz S-Class S 350 d,1
Maruti Alto LXI,1
Audi A3 35 TDI Premium,1
Volvo V40 D3 R Design,1
BMW 7 Series 2007-2012 730Ld,1
Mitsubishi Lancer GLXD,1
Volkswagen Jetta 2012-2014 2.0L TDI Highline,1
BMW 5 Series 2003-2012 540i Sedan,1
Datsun redi-GO T,1
BMW 6 Series 630i Coupe,1
Maruti Alto Vxi 1.1,1
Datsun GO Plus A,1
Nissan Micra XV Primo,1
Mahindra Scorpio VLX 2WD AT BSIV,1
Hyundai Santro D Lite,1
Land Rover Range Rover 3.6 TDV8 Vogue SE,1
Tata Indica V2 DLX,1
Tata Nexon 1.2 Revotron XZ Plus,1
Hyundai Santro Xing XL AT eRLX Euro II,1
BMW Z4 2009-2013 Roadster 2.5i,1
Hyundai Santro Xing XL AT eRLX Euro III,1
Toyota Prius 2009-2016 Z4,1
Chevrolet Optra Magnum 1.6 LS Petrol,1
Hyundai Xcent 1.1 CRDi SX,1
Nissan Micra Active XV S,1
Land Rover Discovery Sport TD4 S,1
Hyundai Creta 1.6 SX Option Executive,1
Skoda Rapid 1.6 TDI Active,1
Maruti Dzire AMT VDI,1
Mahindra Scorpio 2009-2014 VLX 2WD 7S BSIV,1
Fiat Punto 1.4 Emotion,1
Tata Indica V2 DLE BSIII,1
Tata Nano STD SE,1
Maruti Swift VXI BSIII W/ ABS,1
BMW 5 Series 530d M Sport,1
Audi A3 35 TDI Premium Plus,1
Force One LX 4x4,1
Honda Jazz S,1
BMW X3 xDrive 20d xLine,1
Volkswagen Ameo 1.2 MPI Highline 16 Alloy,1
Land Rover Freelander 2 TD4 HSE,1
Mahindra Logan Petrol 1.4 GLE,1
Audi Q5 2008-2012 2.0 TFSI Quattro,1
Maruti Versa DX2 BS II,1
Skoda Fabia 1.2 MPI Classic,1
Ford Fiesta 1.6 ZXi ABS,1
Ford Fiesta Diesel Trend,1
Maruti Celerio LXI MT,1
Mercedes-Benz E-Class E 200 CGI,1
Hyundai Sonata 2.4 GDI,1
Tata New Safari Dicor EX 4X2,1
BMW 3 Series 330 Ci Convertible,1
Jaguar XJ 5.0 L V8 Supercharged,1
Chevrolet Aveo 1.6 LT,1
Mercedes-Benz GLC 220d Celebration Edition,1
BMW 3 Series 320d Dynamic,1
Audi A4 1.8 TFSI Technology Edition,1
Tata Indica V2 2001-2011 eLS,1
Maruti Zen VXi - BS III,1
Chevrolet Enjoy Petrol LS 7 Seater,1
Hyundai Getz 1.3 GLS,1
Tata Safari Storme 2012-2015 EX,1
Maruti Swift Dzire ZDi,1
Force One LX ABS 7 Seating,1
Hyundai Verna CRDi 1.6 AT SX Plus,1
Maruti Swift LXI BSIV,1
Mercedes-Benz E-Class 230,1
Renault KWID Climber 1.0 AMT,1
Nissan Terrano XL Plus 85 PS,1
Volkswagen Jetta 2012-2014 2.0L TDI Highline AT,1
Tata New Safari DICOR 2.2 VX 4x4,1
BMW 3 Series 330d Convertible,1
Ford EcoSport 1.5 Diesel Trend,1
Maruti Ritz VDI (ABS) BS IV,1
BMW 5 Series 2010-2013 530d,1
Hyundai Verna XXi ABS (Petrol),1
Hyundai Elantra 1.6 SX,1
Tata Tiago 1.2 Revotron XM Option,1
Maruti Celerio ZXI Optional AMT,1
Tata Indica V2 DL BSIII,1
Mercedes-Benz CLA 200 D Sport Edition,1
Renault Pulse Petrol RxL,1
BMW Z4 2009-2013 35i,1
Ford Figo 1.5D Trend MT,1
Honda Accord 2001-2003 2.0 AT,1
Hyundai i20 Active SX Dual Tone Petrol,1
Porsche Cayenne S Diesel,1
Honda Amaze VX i-VTEC,1
Maruti A-Star AT VXI,1
Renault Pulse Petrol RxZ,1
Hyundai i20 Active 1.2 S,1
Maruti Swift Dzire LXi,1
Tata Indigo LX BSII,1
Mahindra XUV500 W10 1.99 mHawk,1
Hyundai Elantra CRDi S,1
BMW X3 xDrive 20d Expedition,1
Skoda Laura L n K 1.9 PD AT,1
Hyundai i20 2015-2017 Sportz 1.2,1
Maruti Dzire AMT VXI,1
BMW 3 Series Sport,1
Ford EcoSport 1.5 Ti VCT MT Signature,1
Honda WR-V Edge Edition i-VTEC S,1
Ford Endeavour XLT TDCi 4X4,1
Nissan Sunny XL CVT,1
Toyota Camry W2 (AT),1
Mercedes-Benz GLA Class 200 d Style,1
Maruti Wagon R VXI AMT1.2,1
Maruti Wagon R LX BSII,1
Mahindra Scorpio S10 7 Seater,1
Tata Nano CX,1
Volkswagen Vento IPL II Petrol Trendline,1
Hyundai Verna 1.4 CRDi,1
Mahindra Scorpio 2.6 SLX CRDe,1
Maruti Wagon R Duo LX BSIII,1
Tata Indigo CS eGLX BS IV,1
Porsche Cayenne 2009-2014 Diesel,1
Bentley Continental Flying Spur,1
Mercedes-Benz New C-Class C 200 Kompressor Elegance MT,1
Hyundai Santro LP - Euro II,1
Land Rover Discovery Sport SD4 HSE Luxury,1
Mitsubishi Pajero 2.8 SFX 7Str,1
Hyundai Creta 1.4 CRDi S Plus,1
Honda CR-V Petrol 2WD,1
Renault Duster 110PS Diesel RxZ AWD,1
Honda Mobilio RS Option i DTEC,1
Volvo XC60 D4 SUMMUM,1
Hyundai Verna 1.6 i ABS,1
Porsche Panamera 2010 2013 Diesel,1
Nissan Sunny XV D,1
Maruti Wagon R ZXI AMT 1.2,1
Hyundai i20 1.4 Asta Optional With Sunroof,1
Tata Tigor XE Diesel,1
Toyota Etios 1.4 VXD,1
Hyundai Elite i20 Diesel Asta Option,1
Chevrolet Optra 1.6 LT Royale,1
Toyota Qualis Fleet A3,1
Skoda Rapid Ultima 1.6 MPI Ambition Plus,1
Toyota Etios VD SP,1
Maruti Baleno Zeta,1
Maruti Omni 5 Seater BSIV,1
Mitsubishi Pajero Sport Anniversary Edition,1
Mercedes-Benz S Class 2005 2013 S 300 L,1
Volkswagen Ameo 1.5 TDI Comfortline AT,1
Maruti Alto 800 CNG LXI,1
Honda City i-VTEC CVT V,1
Mahindra KUV 100 G80 K8 Dual Tone,1
Tata New Safari EX 4x2,1
Nissan Terrano XL Plus ICC WT20 SE,1
Honda Brio 1.2 S Option MT,1
Volkswagen Vento Konekt Diesel Highline,1
Lamborghini Gallardo Coupe,1
Honda Amaze VX Petrol,1
Mahindra KUV 100 mFALCON G80 K8,1
Skoda Superb 1.8 TSI,1
Ford Figo Aspire 1.5 TDCi Titanium,1
Maruti Swift ZXI ABS,1
Toyota Innova Crysta 2.4 G MT 8S,1
Renault Duster 85PS Diesel RxL Explore,1
Tata Indigo XL Grand Petrol,1
Volkswagen Vento Magnific 1.6 Comfortline,1
Skoda Superb L&K 2.0 TDI AT,1
Audi A4 2.0 TDI Celebration Edition,1
Hyundai i20 Diesel Asta Option,1
Toyota Etios V,1
Renault Duster 110PS Diesel RXZ Optional with Nav,1
Skoda Octavia Elegance 1.9 TDI,1
Jaguar F Type 5.0 V8 S,1
Mahindra Scorpio 1.99 S4 Plus,1
Skoda Laura Classic 1.8 TSI,1
Maruti Swift Dzire VXI Optional,1
Maruti Alto K10 LXI CNG,1
Mahindra Scorpio VLX 2WD Airbag BSIII,1
Ford Figo Aspire 1.5 TDCi Titanium Plus,1
Mahindra Jeep MM 540 DP,1
Maruti Ertiga VXI AT Petrol,1
Skoda Laura L and K AT,1
Toyota Corolla Altis 1.8 G CVT,1
Mercedes-Benz New C-Class C 200 AVANTGARDE,1
Skoda Rapid Ultima 1.6 TDI Elegance,1
Mercedes-Benz GLA Class 200 Sport,1
Tata Indica LEI,1
Hyundai i20 2015-2017 Magna,1
Tata New Safari DICOR 2.2 VX 4x2,1
Hyundai Elantra SX,1
Maruti Wagon R Duo Lxi,1
Volkswagen Polo IPL II 1.2 Petrol Highline,1
Tata Bolt Revotron XT,1
Mahindra Xylo D4 BSIV,1
